job_id,environment,arm,seed,learning_rate
articulated_true_s86101_lr1e-4,articulated,true,86101,0.0001
articulated_true_s86101_lr3e-4,articulated,true,86101,0.0003
articulated_true_s86101_lr1e-3,articulated,true,86101,0.001
articulated_true_s86103_lr1e-4,articulated,true,86103,0.0001
articulated_true_s86103_lr3e-4,articulated,true,86103,0.0003
articulated_true_s86103_lr1e-3,articulated,true,86103,0.001
articulated_true_s86107_lr1e-4,articulated,true,86107,0.0001
articulated_true_s86107_lr3e-4,articulated,true,86107,0.0003
articulated_true_s86107_lr1e-3,articulated,true,86107,0.001
articulated_shuffled_s86101_lr1e-4,articulated,shuffled,86101,0.0001
articulated_shuffled_s86101_lr3e-4,articulated,shuffled,86101,0.0003
articulated_shuffled_s86101_lr1e-3,articulated,shuffled,86101,0.001
articulated_shuffled_s86103_lr1e-4,articulated,shuffled,86103,0.0001
articulated_shuffled_s86103_lr3e-4,articulated,shuffled,86103,0.0003
articulated_shuffled_s86103_lr1e-3,articulated,shuffled,86103,0.001
articulated_shuffled_s86107_lr1e-4,articulated,shuffled,86107,0.0001
articulated_shuffled_s86107_lr3e-4,articulated,shuffled,86107,0.0003
articulated_shuffled_s86107_lr1e-3,articulated,shuffled,86107,0.001
articulated_query_only_s86101_lr1e-4,articulated,query_only,86101,0.0001
articulated_query_only_s86101_lr3e-4,articulated,query_only,86101,0.0003
articulated_query_only_s86101_lr1e-3,articulated,query_only,86101,0.001
articulated_query_only_s86103_lr1e-4,articulated,query_only,86103,0.0001
articulated_query_only_s86103_lr3e-4,articulated,query_only,86103,0.0003
articulated_query_only_s86103_lr1e-3,articulated,query_only,86103,0.001
articulated_query_only_s86107_lr1e-4,articulated,query_only,86107,0.0001
articulated_query_only_s86107_lr3e-4,articulated,query_only,86107,0.0003
articulated_query_only_s86107_lr1e-3,articulated,query_only,86107,0.001
coupled_true_s86101_lr1e-4,coupled,true,86101,0.0001
coupled_true_s86101_lr3e-4,coupled,true,86101,0.0003
coupled_true_s86101_lr1e-3,coupled,true,86101,0.001
coupled_true_s86103_lr1e-4,coupled,true,86103,0.0001
coupled_true_s86103_lr3e-4,coupled,true,86103,0.0003
coupled_true_s86103_lr1e-3,coupled,true,86103,0.001
coupled_true_s86107_lr1e-4,coupled,true,86107,0.0001
coupled_true_s86107_lr3e-4,coupled,true,86107,0.0003
coupled_true_s86107_lr1e-3,coupled,true,86107,0.001
coupled_shuffled_s86101_lr1e-4,coupled,shuffled,86101,0.0001
coupled_shuffled_s86101_lr3e-4,coupled,shuffled,86101,0.0003
coupled_shuffled_s86101_lr1e-3,coupled,shuffled,86101,0.001
coupled_shuffled_s86103_lr1e-4,coupled,shuffled,86103,0.0001
coupled_shuffled_s86103_lr3e-4,coupled,shuffled,86103,0.0003
coupled_shuffled_s86103_lr1e-3,coupled,shuffled,86103,0.001
coupled_shuffled_s86107_lr1e-4,coupled,shuffled,86107,0.0001
coupled_shuffled_s86107_lr3e-4,coupled,shuffled,86107,0.0003
coupled_shuffled_s86107_lr1e-3,coupled,shuffled,86107,0.001
coupled_query_only_s86101_lr1e-4,coupled,query_only,86101,0.0001
coupled_query_only_s86101_lr3e-4,coupled,query_only,86101,0.0003
coupled_query_only_s86101_lr1e-3,coupled,query_only,86101,0.001
coupled_query_only_s86103_lr1e-4,coupled,query_only,86103,0.0001
coupled_query_only_s86103_lr3e-4,coupled,query_only,86103,0.0003
coupled_query_only_s86103_lr1e-3,coupled,query_only,86103,0.001
coupled_query_only_s86107_lr1e-4,coupled,query_only,86107,0.0001
coupled_query_only_s86107_lr3e-4,coupled,query_only,86107,0.0003
coupled_query_only_s86107_lr1e-3,coupled,query_only,86107,0.001
